City,Dot_Index,Dot_Longitude,Dot_Latitude,Train_Trips_Million_2024_25,Dot_Represents_Million_Trips,Approx_Dots_For_City,Train_Data_Status
Sydney,1,150.7693,-34.1838,348.500295,5.0,70,reported
Sydney,2,150.8793,-34.1838,348.500295,5.0,70,reported
Sydney,3,150.9893,-34.1838,348.500295,5.0,70,reported
Sydney,4,151.0993,-34.1838,348.500295,5.0,70,reported
Sydney,5,151.2093,-34.1838,348.500295,5.0,70,reported
Sydney,6,151.3193,-34.1838,348.500295,5.0,70,reported
Sydney,7,151.4293,-34.1838,348.500295,5.0,70,reported
Sydney,8,151.5393,-34.1838,348.500295,5.0,70,reported
Sydney,9,151.6493,-34.1838,348.500295,5.0,70,reported
Sydney,10,150.7693,-34.0938,348.500295,5.0,70,reported
Sydney,11,150.8793,-34.0938,348.500295,5.0,70,reported
Sydney,12,150.9893,-34.0938,348.500295,5.0,70,reported
Sydney,13,151.0993,-34.0938,348.500295,5.0,70,reported
Sydney,14,151.2093,-34.0938,348.500295,5.0,70,reported
Sydney,15,151.3193,-34.0938,348.500295,5.0,70,reported
Sydney,16,151.4293,-34.0938,348.500295,5.0,70,reported
Sydney,17,151.5393,-34.0938,348.500295,5.0,70,reported
Sydney,18,151.6493,-34.0938,348.500295,5.0,70,reported
Sydney,19,150.7693,-34.0038,348.500295,5.0,70,reported
Sydney,20,150.8793,-34.0038,348.500295,5.0,70,reported
Sydney,21,150.9893,-34.0038,348.500295,5.0,70,reported
Sydney,22,151.0993,-34.0038,348.500295,5.0,70,reported
Sydney,23,151.2093,-34.0038,348.500295,5.0,70,reported
Sydney,24,151.3193,-34.0038,348.500295,5.0,70,reported
Sydney,25,151.4293,-34.0038,348.500295,5.0,70,reported
Sydney,26,151.5393,-34.0038,348.500295,5.0,70,reported
Sydney,27,151.6493,-34.0038,348.500295,5.0,70,reported
Sydney,28,150.7693,-33.9138,348.500295,5.0,70,reported
Sydney,29,150.8793,-33.9138,348.500295,5.0,70,reported
Sydney,30,150.9893,-33.9138,348.500295,5.0,70,reported
Sydney,31,151.0993,-33.9138,348.500295,5.0,70,reported
Sydney,32,151.2093,-33.9138,348.500295,5.0,70,reported
Sydney,33,151.3193,-33.9138,348.500295,5.0,70,reported
Sydney,34,151.4293,-33.9138,348.500295,5.0,70,reported
Sydney,35,151.5393,-33.9138,348.500295,5.0,70,reported
Sydney,36,151.6493,-33.9138,348.500295,5.0,70,reported
Sydney,37,150.7693,-33.8238,348.500295,5.0,70,reported
Sydney,38,150.8793,-33.8238,348.500295,5.0,70,reported
Sydney,39,150.9893,-33.8238,348.500295,5.0,70,reported
Sydney,40,151.0993,-33.8238,348.500295,5.0,70,reported
Sydney,41,151.2093,-33.8238,348.500295,5.0,70,reported
Sydney,42,151.3193,-33.8238,348.500295,5.0,70,reported
Sydney,43,151.4293,-33.8238,348.500295,5.0,70,reported
Sydney,44,151.5393,-33.8238,348.500295,5.0,70,reported
Sydney,45,151.6493,-33.8238,348.500295,5.0,70,reported
Sydney,46,150.7693,-33.7338,348.500295,5.0,70,reported
Sydney,47,150.8793,-33.7338,348.500295,5.0,70,reported
Sydney,48,150.9893,-33.7338,348.500295,5.0,70,reported
Sydney,49,151.0993,-33.7338,348.500295,5.0,70,reported
Sydney,50,151.2093,-33.7338,348.500295,5.0,70,reported
Sydney,51,151.3193,-33.7338,348.500295,5.0,70,reported
Sydney,52,151.4293,-33.7338,348.500295,5.0,70,reported
Sydney,53,151.5393,-33.7338,348.500295,5.0,70,reported
Sydney,54,151.6493,-33.7338,348.500295,5.0,70,reported
Sydney,55,150.7693,-33.6438,348.500295,5.0,70,reported
Sydney,56,150.8793,-33.6438,348.500295,5.0,70,reported
Sydney,57,150.9893,-33.6438,348.500295,5.0,70,reported
Sydney,58,151.0993,-33.6438,348.500295,5.0,70,reported
Sydney,59,151.2093,-33.6438,348.500295,5.0,70,reported
Sydney,60,151.3193,-33.6438,348.500295,5.0,70,reported
Sydney,61,151.4293,-33.6438,348.500295,5.0,70,reported
Sydney,62,151.5393,-33.6438,348.500295,5.0,70,reported
Sydney,63,151.6493,-33.6438,348.500295,5.0,70,reported
Sydney,64,150.7693,-33.5538,348.500295,5.0,70,reported
Sydney,65,150.8793,-33.5538,348.500295,5.0,70,reported
Sydney,66,150.9893,-33.5538,348.500295,5.0,70,reported
Sydney,67,151.0993,-33.5538,348.500295,5.0,70,reported
Sydney,68,151.2093,-33.5538,348.500295,5.0,70,reported
Sydney,69,151.3193,-33.5538,348.500295,5.0,70,reported
Sydney,70,151.4293,-33.5538,348.500295,5.0,70,reported
Melbourne,1,144.6331,-38.0386,201.531244,5.0,40,reported
Melbourne,2,144.7431,-38.0386,201.531244,5.0,40,reported
Melbourne,3,144.8531,-38.0386,201.531244,5.0,40,reported
Melbourne,4,144.9631,-38.0386,201.531244,5.0,40,reported
Melbourne,5,145.0731,-38.0386,201.531244,5.0,40,reported
Melbourne,6,145.1831,-38.0386,201.531244,5.0,40,reported
Melbourne,7,145.2931,-38.0386,201.531244,5.0,40,reported
Melbourne,8,144.6331,-37.9486,201.531244,5.0,40,reported
Melbourne,9,144.7431,-37.9486,201.531244,5.0,40,reported
Melbourne,10,144.8531,-37.9486,201.531244,5.0,40,reported
Melbourne,11,144.9631,-37.9486,201.531244,5.0,40,reported
Melbourne,12,145.0731,-37.9486,201.531244,5.0,40,reported
Melbourne,13,145.1831,-37.9486,201.531244,5.0,40,reported
Melbourne,14,145.2931,-37.9486,201.531244,5.0,40,reported
Melbourne,15,144.6331,-37.8586,201.531244,5.0,40,reported
Melbourne,16,144.7431,-37.8586,201.531244,5.0,40,reported
Melbourne,17,144.8531,-37.8586,201.531244,5.0,40,reported
Melbourne,18,144.9631,-37.8586,201.531244,5.0,40,reported
Melbourne,19,145.0731,-37.8586,201.531244,5.0,40,reported
Melbourne,20,145.1831,-37.8586,201.531244,5.0,40,reported
Melbourne,21,145.2931,-37.8586,201.531244,5.0,40,reported
Melbourne,22,144.6331,-37.7686,201.531244,5.0,40,reported
Melbourne,23,144.7431,-37.7686,201.531244,5.0,40,reported
Melbourne,24,144.8531,-37.7686,201.531244,5.0,40,reported
Melbourne,25,144.9631,-37.7686,201.531244,5.0,40,reported
Melbourne,26,145.0731,-37.7686,201.531244,5.0,40,reported
Melbourne,27,145.1831,-37.7686,201.531244,5.0,40,reported
Melbourne,28,145.2931,-37.7686,201.531244,5.0,40,reported
Melbourne,29,144.6331,-37.6786,201.531244,5.0,40,reported
Melbourne,30,144.7431,-37.6786,201.531244,5.0,40,reported
Melbourne,31,144.8531,-37.6786,201.531244,5.0,40,reported
Melbourne,32,144.9631,-37.6786,201.531244,5.0,40,reported
Melbourne,33,145.0731,-37.6786,201.531244,5.0,40,reported
Melbourne,34,145.1831,-37.6786,201.531244,5.0,40,reported
Melbourne,35,145.2931,-37.6786,201.531244,5.0,40,reported
Melbourne,36,144.6331,-37.5886,201.531244,5.0,40,reported
Melbourne,37,144.7431,-37.5886,201.531244,5.0,40,reported
Melbourne,38,144.8531,-37.5886,201.531244,5.0,40,reported
Melbourne,39,144.9631,-37.5886,201.531244,5.0,40,reported
Melbourne,40,145.0731,-37.5886,201.531244,5.0,40,reported
Brisbane,1,152.8601,-27.5598,55.367534,5.0,11,reported
Brisbane,2,152.9701,-27.5598,55.367534,5.0,11,reported
Brisbane,3,153.0801,-27.5598,55.367534,5.0,11,reported
Brisbane,4,153.1901,-27.5598,55.367534,5.0,11,reported
Brisbane,5,152.8601,-27.4698,55.367534,5.0,11,reported
Brisbane,6,152.9701,-27.4698,55.367534,5.0,11,reported
Brisbane,7,153.0801,-27.4698,55.367534,5.0,11,reported
Brisbane,8,153.1901,-27.4698,55.367534,5.0,11,reported
Brisbane,9,152.8601,-27.3798,55.367534,5.0,11,reported
Brisbane,10,152.9701,-27.3798,55.367534,5.0,11,reported
Brisbane,11,153.0801,-27.3798,55.367534,5.0,11,reported
Adelaide,1,138.5457,-34.9735,14.646651,5.0,3,reported
Adelaide,2,138.6557,-34.9735,14.646651,5.0,3,reported
Adelaide,3,138.5457,-34.8835,14.646651,5.0,3,reported
Perth,1,115.6955,-32.0405,61.903744,5.0,12,reported
Perth,2,115.8055,-32.0405,61.903744,5.0,12,reported
Perth,3,115.9155,-32.0405,61.903744,5.0,12,reported
Perth,4,116.0255,-32.0405,61.903744,5.0,12,reported
Perth,5,115.6955,-31.9505,61.903744,5.0,12,reported
Perth,6,115.8055,-31.9505,61.903744,5.0,12,reported
Perth,7,115.9155,-31.9505,61.903744,5.0,12,reported
Perth,8,116.0255,-31.9505,61.903744,5.0,12,reported
Perth,9,115.6955,-31.8605,61.903744,5.0,12,reported
Perth,10,115.8055,-31.8605,61.903744,5.0,12,reported
Perth,11,115.9155,-31.8605,61.903744,5.0,12,reported
Perth,12,116.0255,-31.8605,61.903744,5.0,12,reported
