Tile,Column,Row,Mode,Mode_Order,Rounded_Tile_Count,Share_Percent_2024_25,Trips_Million_2024_25
1,0,0,Train,1,42,42.6046,681.949468
2,1,0,Train,1,42,42.6046,681.949468
3,2,0,Train,1,42,42.6046,681.949468
4,3,0,Train,1,42,42.6046,681.949468
5,4,0,Train,1,42,42.6046,681.949468
6,5,0,Train,1,42,42.6046,681.949468
7,6,0,Train,1,42,42.6046,681.949468
8,7,0,Train,1,42,42.6046,681.949468
9,8,0,Train,1,42,42.6046,681.949468
10,9,0,Train,1,42,42.6046,681.949468
11,0,1,Train,1,42,42.6046,681.949468
12,1,1,Train,1,42,42.6046,681.949468
13,2,1,Train,1,42,42.6046,681.949468
14,3,1,Train,1,42,42.6046,681.949468
15,4,1,Train,1,42,42.6046,681.949468
16,5,1,Train,1,42,42.6046,681.949468
17,6,1,Train,1,42,42.6046,681.949468
18,7,1,Train,1,42,42.6046,681.949468
19,8,1,Train,1,42,42.6046,681.949468
20,9,1,Train,1,42,42.6046,681.949468
21,0,2,Train,1,42,42.6046,681.949468
22,1,2,Train,1,42,42.6046,681.949468
23,2,2,Train,1,42,42.6046,681.949468
24,3,2,Train,1,42,42.6046,681.949468
25,4,2,Train,1,42,42.6046,681.949468
26,5,2,Train,1,42,42.6046,681.949468
27,6,2,Train,1,42,42.6046,681.949468
28,7,2,Train,1,42,42.6046,681.949468
29,8,2,Train,1,42,42.6046,681.949468
30,9,2,Train,1,42,42.6046,681.949468
31,0,3,Train,1,42,42.6046,681.949468
32,1,3,Train,1,42,42.6046,681.949468
33,2,3,Train,1,42,42.6046,681.949468
34,3,3,Train,1,42,42.6046,681.949468
35,4,3,Train,1,42,42.6046,681.949468
36,5,3,Train,1,42,42.6046,681.949468
37,6,3,Train,1,42,42.6046,681.949468
38,7,3,Train,1,42,42.6046,681.949468
39,8,3,Train,1,42,42.6046,681.949468
40,9,3,Train,1,42,42.6046,681.949468
41,0,4,Train,1,42,42.6046,681.949468
42,1,4,Train,1,42,42.6046,681.949468
43,2,4,Tram / light rail,2,14,13.764,220.313998
44,3,4,Tram / light rail,2,14,13.764,220.313998
45,4,4,Tram / light rail,2,14,13.764,220.313998
46,5,4,Tram / light rail,2,14,13.764,220.313998
47,6,4,Tram / light rail,2,14,13.764,220.313998
48,7,4,Tram / light rail,2,14,13.764,220.313998
49,8,4,Tram / light rail,2,14,13.764,220.313998
50,9,4,Tram / light rail,2,14,13.764,220.313998
51,0,5,Tram / light rail,2,14,13.764,220.313998
52,1,5,Tram / light rail,2,14,13.764,220.313998
53,2,5,Tram / light rail,2,14,13.764,220.313998
54,3,5,Tram / light rail,2,14,13.764,220.313998
55,4,5,Tram / light rail,2,14,13.764,220.313998
56,5,5,Tram / light rail,2,14,13.764,220.313998
57,6,5,Bus,3,42,41.8639,670.09471
58,7,5,Bus,3,42,41.8639,670.09471
59,8,5,Bus,3,42,41.8639,670.09471
60,9,5,Bus,3,42,41.8639,670.09471
61,0,6,Bus,3,42,41.8639,670.09471
62,1,6,Bus,3,42,41.8639,670.09471
63,2,6,Bus,3,42,41.8639,670.09471
64,3,6,Bus,3,42,41.8639,670.09471
65,4,6,Bus,3,42,41.8639,670.09471
66,5,6,Bus,3,42,41.8639,670.09471
67,6,6,Bus,3,42,41.8639,670.09471
68,7,6,Bus,3,42,41.8639,670.09471
69,8,6,Bus,3,42,41.8639,670.09471
70,9,6,Bus,3,42,41.8639,670.09471
71,0,7,Bus,3,42,41.8639,670.09471
72,1,7,Bus,3,42,41.8639,670.09471
73,2,7,Bus,3,42,41.8639,670.09471
74,3,7,Bus,3,42,41.8639,670.09471
75,4,7,Bus,3,42,41.8639,670.09471
76,5,7,Bus,3,42,41.8639,670.09471
77,6,7,Bus,3,42,41.8639,670.09471
78,7,7,Bus,3,42,41.8639,670.09471
79,8,7,Bus,3,42,41.8639,670.09471
80,9,7,Bus,3,42,41.8639,670.09471
81,0,8,Bus,3,42,41.8639,670.09471
82,1,8,Bus,3,42,41.8639,670.09471
83,2,8,Bus,3,42,41.8639,670.09471
84,3,8,Bus,3,42,41.8639,670.09471
85,4,8,Bus,3,42,41.8639,670.09471
86,5,8,Bus,3,42,41.8639,670.09471
87,6,8,Bus,3,42,41.8639,670.09471
88,7,8,Bus,3,42,41.8639,670.09471
89,8,8,Bus,3,42,41.8639,670.09471
90,9,8,Bus,3,42,41.8639,670.09471
91,0,9,Bus,3,42,41.8639,670.09471
92,1,9,Bus,3,42,41.8639,670.09471
93,2,9,Bus,3,42,41.8639,670.09471
94,3,9,Bus,3,42,41.8639,670.09471
95,4,9,Bus,3,42,41.8639,670.09471
96,5,9,Bus,3,42,41.8639,670.09471
97,6,9,Bus,3,42,41.8639,670.09471
98,7,9,Bus,3,42,41.8639,670.09471
99,8,9,Ferry,4,2,1.7675,28.291177
100,9,9,Ferry,4,2,1.7675,28.291177
