City,Dot_Index,Dot_Longitude,Dot_Latitude,Bus_Trips_Million_2024_25,Population_2025,Bus_Trips_Per_Resident_2024_25,Dot_Represents_Bus_Trips_Per_Resident,Approx_Dots_For_City
Sydney,1,150.7893,-34.0888,293.364925,5638830,52.03,5.0,10
Sydney,2,151.0693,-34.0888,293.364925,5638830,52.03,5.0,10
Sydney,3,151.3493,-34.0888,293.364925,5638830,52.03,5.0,10
Sydney,4,151.6293,-34.0888,293.364925,5638830,52.03,5.0,10
Sydney,5,150.7893,-33.8688,293.364925,5638830,52.03,5.0,10
Sydney,6,151.0693,-33.8688,293.364925,5638830,52.03,5.0,10
Sydney,7,151.3493,-33.8688,293.364925,5638830,52.03,5.0,10
Sydney,8,151.6293,-33.8688,293.364925,5638830,52.03,5.0,10
Sydney,9,150.7893,-33.6488,293.364925,5638830,52.03,5.0,10
Sydney,10,151.0693,-33.6488,293.364925,5638830,52.03,5.0,10
Melbourne,1,144.8231,-37.9236,118.48326,5435590,21.8,5.0,4
Melbourne,2,145.1031,-37.9236,118.48326,5435590,21.8,5.0,4
Melbourne,3,144.8231,-37.7036,118.48326,5435590,21.8,5.0,4
Melbourne,4,145.1031,-37.7036,118.48326,5435590,21.8,5.0,4
Brisbane,1,152.7451,-27.6898,98.91404,2833524,34.91,5.0,7
Brisbane,2,153.0251,-27.6898,98.91404,2833524,34.91,5.0,7
Brisbane,3,153.3051,-27.6898,98.91404,2833524,34.91,5.0,7
Brisbane,4,152.7451,-27.4698,98.91404,2833524,34.91,5.0,7
Brisbane,5,153.0251,-27.4698,98.91404,2833524,34.91,5.0,7
Brisbane,6,153.3051,-27.4698,98.91404,2833524,34.91,5.0,7
Brisbane,7,152.7451,-27.2498,98.91404,2833524,34.91,5.0,7
Adelaide,1,138.3207,-35.0385,45.930664,1491015,30.8,5.0,6
Adelaide,2,138.6007,-35.0385,45.930664,1491015,30.8,5.0,6
Adelaide,3,138.8807,-35.0385,45.930664,1491015,30.8,5.0,6
Adelaide,4,138.3207,-34.8185,45.930664,1491015,30.8,5.0,6
Adelaide,5,138.6007,-34.8185,45.930664,1491015,30.8,5.0,6
Adelaide,6,138.8807,-34.8185,45.930664,1491015,30.8,5.0,6
Perth,1,115.5805,-32.1705,85.878594,2452765,35.01,5.0,7
Perth,2,115.8605,-32.1705,85.878594,2452765,35.01,5.0,7
Perth,3,116.1405,-32.1705,85.878594,2452765,35.01,5.0,7
Perth,4,115.5805,-31.9505,85.878594,2452765,35.01,5.0,7
Perth,5,115.8605,-31.9505,85.878594,2452765,35.01,5.0,7
Perth,6,116.1405,-31.9505,85.878594,2452765,35.01,5.0,7
Perth,7,115.5805,-31.7305,85.878594,2452765,35.01,5.0,7
Hobart,1,147.0472,-42.9921,6.466977,255250,25.34,5.0,5
Hobart,2,147.3272,-42.9921,6.466977,255250,25.34,5.0,5
Hobart,3,147.6072,-42.9921,6.466977,255250,25.34,5.0,5
Hobart,4,147.0472,-42.7721,6.466977,255250,25.34,5.0,5
Hobart,5,147.3272,-42.7721,6.466977,255250,25.34,5.0,5
Darwin,1,130.5656,-12.5734,4.646,159284,29.17,5.0,6
Darwin,2,130.8456,-12.5734,4.646,159284,29.17,5.0,6
Darwin,3,131.1256,-12.5734,4.646,159284,29.17,5.0,6
Darwin,4,130.5656,-12.3534,4.646,159284,29.17,5.0,6
Darwin,5,130.8456,-12.3534,4.646,159284,29.17,5.0,6
Darwin,6,131.1256,-12.3534,4.646,159284,29.17,5.0,6
Canberra,1,148.85,-35.5009,16.41025,484630,33.86,5.0,7
Canberra,2,149.13,-35.5009,16.41025,484630,33.86,5.0,7
Canberra,3,149.41,-35.5009,16.41025,484630,33.86,5.0,7
Canberra,4,148.85,-35.2809,16.41025,484630,33.86,5.0,7
Canberra,5,149.13,-35.2809,16.41025,484630,33.86,5.0,7
Canberra,6,149.41,-35.2809,16.41025,484630,33.86,5.0,7
Canberra,7,148.85,-35.0609,16.41025,484630,33.86,5.0,7
