City,Dot_Index,Dot_Longitude,Dot_Latitude,Train_Trips_Million_2024_25,Dot_Represents_Million_Trips,Approx_Dots_For_City
Sydney,1,150.6593,-34.3188,348.500295,10.0,35
Sydney,2,150.8793,-34.3188,348.500295,10.0,35
Sydney,3,151.0993,-34.3188,348.500295,10.0,35
Sydney,4,151.3193,-34.3188,348.500295,10.0,35
Sydney,5,151.5393,-34.3188,348.500295,10.0,35
Sydney,6,151.7593,-34.3188,348.500295,10.0,35
Sydney,7,150.6593,-34.1388,348.500295,10.0,35
Sydney,8,150.8793,-34.1388,348.500295,10.0,35
Sydney,9,151.0993,-34.1388,348.500295,10.0,35
Sydney,10,151.3193,-34.1388,348.500295,10.0,35
Sydney,11,151.5393,-34.1388,348.500295,10.0,35
Sydney,12,151.7593,-34.1388,348.500295,10.0,35
Sydney,13,150.6593,-33.9588,348.500295,10.0,35
Sydney,14,150.8793,-33.9588,348.500295,10.0,35
Sydney,15,151.0993,-33.9588,348.500295,10.0,35
Sydney,16,151.3193,-33.9588,348.500295,10.0,35
Sydney,17,151.5393,-33.9588,348.500295,10.0,35
Sydney,18,151.7593,-33.9588,348.500295,10.0,35
Sydney,19,150.6593,-33.7788,348.500295,10.0,35
Sydney,20,150.8793,-33.7788,348.500295,10.0,35
Sydney,21,151.0993,-33.7788,348.500295,10.0,35
Sydney,22,151.3193,-33.7788,348.500295,10.0,35
Sydney,23,151.5393,-33.7788,348.500295,10.0,35
Sydney,24,151.7593,-33.7788,348.500295,10.0,35
Sydney,25,150.6593,-33.5988,348.500295,10.0,35
Sydney,26,150.8793,-33.5988,348.500295,10.0,35
Sydney,27,151.0993,-33.5988,348.500295,10.0,35
Sydney,28,151.3193,-33.5988,348.500295,10.0,35
Sydney,29,151.5393,-33.5988,348.500295,10.0,35
Sydney,30,151.7593,-33.5988,348.500295,10.0,35
Sydney,31,150.6593,-33.4188,348.500295,10.0,35
Sydney,32,150.8793,-33.4188,348.500295,10.0,35
Sydney,33,151.0993,-33.4188,348.500295,10.0,35
Sydney,34,151.3193,-33.4188,348.500295,10.0,35
Sydney,35,151.5393,-33.4188,348.500295,10.0,35
Melbourne,1,144.5231,-38.0836,201.531244,10.0,20
Melbourne,2,144.7431,-38.0836,201.531244,10.0,20
Melbourne,3,144.9631,-38.0836,201.531244,10.0,20
Melbourne,4,145.1831,-38.0836,201.531244,10.0,20
Melbourne,5,145.4031,-38.0836,201.531244,10.0,20
Melbourne,6,144.5231,-37.9036,201.531244,10.0,20
Melbourne,7,144.7431,-37.9036,201.531244,10.0,20
Melbourne,8,144.9631,-37.9036,201.531244,10.0,20
Melbourne,9,145.1831,-37.9036,201.531244,10.0,20
Melbourne,10,145.4031,-37.9036,201.531244,10.0,20
Melbourne,11,144.5231,-37.7236,201.531244,10.0,20
Melbourne,12,144.7431,-37.7236,201.531244,10.0,20
Melbourne,13,144.9631,-37.7236,201.531244,10.0,20
Melbourne,14,145.1831,-37.7236,201.531244,10.0,20
Melbourne,15,145.4031,-37.7236,201.531244,10.0,20
Melbourne,16,144.5231,-37.5436,201.531244,10.0,20
Melbourne,17,144.7431,-37.5436,201.531244,10.0,20
Melbourne,18,144.9631,-37.5436,201.531244,10.0,20
Melbourne,19,145.1831,-37.5436,201.531244,10.0,20
Melbourne,20,145.4031,-37.5436,201.531244,10.0,20
Brisbane,1,152.8051,-27.5598,55.367534,10.0,6
Brisbane,2,153.0251,-27.5598,55.367534,10.0,6
Brisbane,3,153.2451,-27.5598,55.367534,10.0,6
Brisbane,4,152.8051,-27.3798,55.367534,10.0,6
Brisbane,5,153.0251,-27.3798,55.367534,10.0,6
Brisbane,6,153.2451,-27.3798,55.367534,10.0,6
Adelaide,1,138.6007,-34.9285,14.646651,10.0,1
Perth,1,115.6405,-32.0405,61.903744,10.0,6
Perth,2,115.8605,-32.0405,61.903744,10.0,6
Perth,3,116.0805,-32.0405,61.903744,10.0,6
Perth,4,115.6405,-31.8605,61.903744,10.0,6
Perth,5,115.8605,-31.8605,61.903744,10.0,6
Perth,6,116.0805,-31.8605,61.903744,10.0,6
