Financial_Year,Year_Start,Year_End,City,Total_Trips_Million
1976-77,1976,1977,Sydney,481.320064
1977-78,1977,1978,Sydney,483.688372
1978-79,1978,1979,Sydney,478.189601
1979-80,1979,1980,Sydney,492.653085
1980-81,1980,1981,Sydney,500.745689
1981-82,1981,1982,Sydney,504.422713
1982-83,1982,1983,Sydney,493.432808
1983-84,1983,1984,Sydney,487.572022
1984-85,1984,1985,Sydney,491.358645
1985-86,1985,1986,Sydney,510.111577
1986-87,1986,1987,Sydney,524.441866
1987-88,1987,1988,Sydney,550.243267
1988-89,1988,1989,Sydney,553.669986
1989-90,1989,1990,Sydney,551.870538
1990-91,1990,1991,Sydney,557.050016
1991-92,1991,1992,Sydney,544.834193
1992-93,1992,1993,Sydney,527.93024
1993-94,1993,1994,Sydney,530.528039
1994-95,1994,1995,Sydney,547.937454
1995-96,1995,1996,Sydney,562.944459
1996-97,1996,1997,Sydney,577.64725
1997-98,1997,1998,Sydney,584.377593
1998-99,1998,1999,Sydney,591.14513
1999-00,1999,2000,Sydney,596.40495
2000-01,2000,2001,Sydney,616.830187
2001-02,2001,2002,Sydney,577.371096
2002-03,2002,2003,Sydney,574.778144
2003-04,2003,2004,Sydney,572.023719
2004-05,2004,2005,Sydney,569.489228
2005-06,2005,2006,Sydney,572.010002
2006-07,2006,2007,Sydney,584.781669
2007-08,2007,2008,Sydney,606.454042
2008-09,2008,2009,Sydney,610.425916
2009-10,2009,2010,Sydney,600.73876
2010-11,2010,2011,Sydney,615.952
2011-12,2011,2012,Sydney,630.433874
2012-13,2012,2013,Sydney,634.148137
2013-14,2013,2014,Sydney,643.679918
2014-15,2014,2015,Sydney,656.992179
2015-16,2015,2016,Sydney,680.583691
2016-17,2016,2017,Sydney,707.551649
2017-18,2017,2018,Sydney,742.612741
2018-19,2018,2019,Sydney,780.550144
2019-20,2019,2020,Sydney,641.01132
2020-21,2020,2021,Sydney,452.883833
2021-22,2021,2022,Sydney,338.459474
2022-23,2022,2023,Sydney,588.228806
2023-24,2023,2024,Sydney,690.08639
2024-25,2024,2025,Sydney,708.551942
1976-77,1976,1977,Melbourne,304.988866
1977-78,1977,1978,Melbourne,295.462822
1978-79,1978,1979,Melbourne,289.539987
1979-80,1979,1980,Melbourne,280.689397
1980-81,1980,1981,Melbourne,277.829151
1981-82,1981,1982,Melbourne,272.507942
1982-83,1982,1983,Melbourne,273.645127
1983-84,1983,1984,Melbourne,278.728396
1984-85,1984,1985,Melbourne,293.868824
1985-86,1985,1986,Melbourne,303.854793
1986-87,1986,1987,Melbourne,308.943161
1987-88,1987,1988,Melbourne,307.456571
1988-89,1988,1989,Melbourne,317.464285
1989-90,1989,1990,Melbourne,293.074504
1990-91,1990,1991,Melbourne,303.680334
1991-92,1991,1992,Melbourne,310.234812
1992-93,1992,1993,Melbourne,294.96549
1993-94,1993,1994,Melbourne,291.104652
1994-95,1994,1995,Melbourne,302.036499
1995-96,1995,1996,Melbourne,312.842717
1996-97,1996,1997,Melbourne,314.867669
1997-98,1997,1998,Melbourne,315.858896
1998-99,1998,1999,Melbourne,325.152033
1999-00,1999,2000,Melbourne,339.787157
2000-01,2000,2001,Melbourne,348.055019
2001-02,2001,2002,Melbourne,355.185741
2002-03,2002,2003,Melbourne,362.139001
2003-04,2003,2004,Melbourne,364.65004
2004-05,2004,2005,Melbourne,370.430822
2005-06,2005,2006,Melbourne,395.057057
2006-07,2006,2007,Melbourne,421.514638
2007-08,2007,2008,Melbourne,454.958655
2008-09,2008,2009,Melbourne,495.464403
2009-10,2009,2010,Melbourne,503.107234
2010-11,2010,2011,Melbourne,525.046748
2011-12,2011,2012,Melbourne,544.471997
2012-13,2012,2013,Melbourne,531.454037
2013-14,2013,2014,Melbourne,535.856481
2014-15,2014,2015,Melbourne,542.097924
2015-16,2015,2016,Melbourne,570.997134
2016-17,2016,2017,Melbourne,571.195
2017-18,2017,2018,Melbourne,578.9083
2018-19,2018,2019,Melbourne,585.900889
2019-20,2019,2020,Melbourne,439.586124
2020-21,2020,2021,Melbourne,205.891356
2021-22,2021,2022,Melbourne,256.090073
2022-23,2022,2023,Melbourne,417.923868
2023-24,2023,2024,Melbourne,468.480949
2024-25,2024,2025,Melbourne,480.20383
1976-77,1976,1977,Brisbane,92.170735
1977-78,1977,1978,Brisbane,91.441162
1978-79,1978,1979,Brisbane,88.592501
1979-80,1979,1980,Brisbane,89.250925
1980-81,1980,1981,Brisbane,86.312469
1981-82,1981,1982,Brisbane,89.872731
1982-83,1982,1983,Brisbane,91.140662
1983-84,1983,1984,Brisbane,90.422647
1984-85,1984,1985,Brisbane,91.48686
1985-86,1985,1986,Brisbane,93.392695
1986-87,1986,1987,Brisbane,96.892049
1987-88,1987,1988,Brisbane,101.191053
1988-89,1988,1989,Brisbane,110.045694
1989-90,1989,1990,Brisbane,100.403331
1990-91,1990,1991,Brisbane,100.955776
1991-92,1991,1992,Brisbane,101.810329
1992-93,1992,1993,Brisbane,99.134268
1993-94,1993,1994,Brisbane,98.640281
1994-95,1994,1995,Brisbane,103.459492
1995-96,1995,1996,Brisbane,101.843486
1996-97,1996,1997,Brisbane,103.524347
1997-98,1997,1998,Brisbane,101.85272
1998-99,1998,1999,Brisbane,93.403848
1999-00,1999,2000,Brisbane,98.184291
2000-01,2000,2001,Brisbane,99.57223
2001-02,2001,2002,Brisbane,102.122166
2002-03,2002,2003,Brisbane,104.819457
2003-04,2003,2004,Brisbane,110.155825
2004-05,2004,2005,Brisbane,117.416182
2005-06,2005,2006,Brisbane,128.433177
2006-07,2006,2007,Brisbane,135.162097
2007-08,2007,2008,Brisbane,141.601641
2008-09,2008,2009,Brisbane,152.027179
2009-10,2009,2010,Brisbane,154.667563
2010-11,2010,2011,Brisbane,153.365689
2011-12,2011,2012,Brisbane,157.340016
2012-13,2012,2013,Brisbane,154.083382
2013-14,2013,2014,Brisbane,152.77
2014-15,2014,2015,Brisbane,152.571516
2015-16,2015,2016,Brisbane,154.621681
2016-17,2016,2017,Brisbane,152.382917
2017-18,2017,2018,Brisbane,155.797919
2018-19,2018,2019,Brisbane,161.380497
2019-20,2019,2020,Brisbane,128.992317
2020-21,2020,2021,Brisbane,99.124198
2021-22,2021,2022,Brisbane,94.106465
2022-23,2022,2023,Brisbane,126.578091
2023-24,2023,2024,Brisbane,141.15316
2024-25,2024,2025,Brisbane,161.642128
1976-77,1976,1977,Adelaide,70.690489
1977-78,1977,1978,Adelaide,69.491603
1978-79,1978,1979,Adelaide,70.368233
1979-80,1979,1980,Adelaide,73.643807
1980-81,1980,1981,Adelaide,79.238534
1981-82,1981,1982,Adelaide,80.895592
1982-83,1982,1983,Adelaide,70.957942
1983-84,1983,1984,Adelaide,70.680114
1984-85,1984,1985,Adelaide,67.395536
1985-86,1985,1986,Adelaide,68.894362
1986-87,1986,1987,Adelaide,67.499138
1987-88,1987,1988,Adelaide,65.591093
1988-89,1988,1989,Adelaide,62.544862
1989-90,1989,1990,Adelaide,63.29534
1990-91,1990,1991,Adelaide,65.457478
1991-92,1991,1992,Adelaide,63.682002
1992-93,1992,1993,Adelaide,60.626044
1993-94,1993,1994,Adelaide,61.239086
1994-95,1994,1995,Adelaide,62.5
1995-96,1995,1996,Adelaide,60.9
1996-97,1996,1997,Adelaide,60.1
1997-98,1997,1998,Adelaide,59.3
1998-99,1998,1999,Adelaide,56.2
1999-00,1999,2000,Adelaide,55.2
2000-01,2000,2001,Adelaide,57.0
2001-02,2001,2002,Adelaide,58.7
2002-03,2002,2003,Adelaide,60.114185
2003-04,2003,2004,Adelaide,59.95079
2004-05,2004,2005,Adelaide,60.894574
2005-06,2005,2006,Adelaide,63.564058
2006-07,2006,2007,Adelaide,64.784358
2007-08,2007,2008,Adelaide,66.417417
2008-09,2008,2009,Adelaide,68.098935
2009-10,2009,2010,Adelaide,69.228004
2010-11,2010,2011,Adelaide,67.323024
2011-12,2011,2012,Adelaide,66.283024
2012-13,2012,2013,Adelaide,67.510255
2013-14,2013,2014,Adelaide,70.86224
2014-15,2014,2015,Adelaide,74.724544
2015-16,2015,2016,Adelaide,74.854976
2016-17,2016,2017,Adelaide,74.7626
2017-18,2017,2018,Adelaide,75.03
2018-19,2018,2019,Adelaide,76.159
2019-20,2019,2020,Adelaide,63.529
2020-21,2020,2021,Adelaide,52.053
2021-22,2021,2022,Adelaide,47.529317
2022-23,2022,2023,Adelaide,60.073945
2023-24,2023,2024,Adelaide,67.654498
2024-25,2024,2025,Adelaide,69.58898
1976-77,1976,1977,Perth,62.204713
1977-78,1977,1978,Perth,63.748278
1978-79,1978,1979,Perth,62.145618
1979-80,1979,1980,Perth,63.779208
1980-81,1980,1981,Perth,63.727674
1981-82,1981,1982,Perth,60.396619
1982-83,1982,1983,Perth,61.346178
1983-84,1983,1984,Perth,55.833856
1984-85,1984,1985,Perth,54.072856
1985-86,1985,1986,Perth,58.269021
1986-87,1986,1987,Perth,59.629883
1987-88,1987,1988,Perth,58.882164
1988-89,1988,1989,Perth,61.37697
1989-90,1989,1990,Perth,63.886748
1990-91,1990,1991,Perth,61.485893
1991-92,1991,1992,Perth,61.465603
1992-93,1992,1993,Perth,63.23539
1993-94,1993,1994,Perth,69.400184
1994-95,1994,1995,Perth,71.929999
1995-96,1995,1996,Perth,72.048188
1996-97,1996,1997,Perth,76.467
1997-98,1997,1998,Perth,76.5408
1998-99,1998,1999,Perth,75.719841
1999-00,1999,2000,Perth,78.648333
2000-01,2000,2001,Perth,83.76
2001-02,2001,2002,Perth,86.001711
2002-03,2002,2003,Perth,88.177237
2003-04,2003,2004,Perth,90.565
2004-05,2004,2005,Perth,95.06
2005-06,2005,2006,Perth,98.502
2006-07,2006,2007,Perth,100.926
2007-08,2007,2008,Perth,108.798
2008-09,2008,2009,Perth,128.784
2009-10,2009,2010,Perth,131.629
2010-11,2010,2011,Perth,135.975424
2011-12,2011,2012,Perth,144.13
2012-13,2012,2013,Perth,149.697
2013-14,2013,2014,Perth,147.641
2014-15,2014,2015,Perth,148.762
2015-16,2015,2016,Perth,145.632675
2016-17,2016,2017,Perth,140.856706
2017-18,2017,2018,Perth,139.847
2018-19,2018,2019,Perth,141.455
2019-20,2019,2020,Perth,116.552397
2020-21,2020,2021,Perth,102.256806
2021-22,2021,2022,Perth,102.20299
2022-23,2022,2023,Perth,123.30769
2023-24,2023,2024,Perth,144.228346
2024-25,2024,2025,Perth,148.717496
1976-77,1976,1977,Hobart,22.29806
1977-78,1977,1978,Hobart,18.423774
1978-79,1978,1979,Hobart,15.20717
1979-80,1979,1980,Hobart,13.928369
1980-81,1980,1981,Hobart,13.357663
1981-82,1981,1982,Hobart,10.953538
1982-83,1982,1983,Hobart,10.50676
1983-84,1983,1984,Hobart,11.289626
1984-85,1984,1985,Hobart,11.305108
1985-86,1985,1986,Hobart,11.304689
1986-87,1986,1987,Hobart,11.165179
1987-88,1987,1988,Hobart,10.455103
1988-89,1988,1989,Hobart,9.645243
1989-90,1989,1990,Hobart,10.0315
1990-91,1990,1991,Hobart,9.57908
1991-92,1991,1992,Hobart,9.625008
1992-93,1992,1993,Hobart,9.537012
1993-94,1993,1994,Hobart,9.329737
1994-95,1994,1995,Hobart,9.29334
1995-96,1995,1996,Hobart,9.116542
1996-97,1996,1997,Hobart,8.401942
1997-98,1997,1998,Hobart,7.853552
1998-99,1998,1999,Hobart,7.615352
1999-00,1999,2000,Hobart,7.499957
2000-01,2000,2001,Hobart,7.617469
2001-02,2001,2002,Hobart,7.642877
2002-03,2002,2003,Hobart,7.628056
2003-04,2003,2004,Hobart,7.697928
2004-05,2004,2005,Hobart,7.609
2005-06,2005,2006,Hobart,7.674
2006-07,2006,2007,Hobart,7.7175
2007-08,2007,2008,Hobart,7.51235
2008-09,2008,2009,Hobart,7.802655
2009-10,2009,2010,Hobart,7.892021
2010-11,2010,2011,Hobart,8.226622
2011-12,2011,2012,Hobart,8.128554
2012-13,2012,2013,Hobart,7.884422
2013-14,2013,2014,Hobart,8.041797
2014-15,2014,2015,Hobart,8.042269
2015-16,2015,2016,Hobart,7.715837
2016-17,2016,2017,Hobart,7.740638
2017-18,2017,2018,Hobart,7.95782
2018-19,2018,2019,Hobart,8.132113
2019-20,2019,2020,Hobart,6.907907
2020-21,2020,2021,Hobart,6.58781
2021-22,2021,2022,Hobart,6.68951
2022-23,2022,2023,Hobart,6.78271
2023-24,2023,2024,Hobart,6.560814
2024-25,2024,2025,Hobart,6.716977
1976-77,1976,1977,Darwin,0.66
1977-78,1977,1978,Darwin,0.73
1978-79,1978,1979,Darwin,0.8
1979-80,1979,1980,Darwin,1.211377
1980-81,1980,1981,Darwin,1.613941
1981-82,1981,1982,Darwin,1.837715
1982-83,1982,1983,Darwin,2.122009
1983-84,1983,1984,Darwin,2.114411
1984-85,1984,1985,Darwin,2.134036
1985-86,1985,1986,Darwin,2.185915
1986-87,1986,1987,Darwin,1.890621
1987-88,1987,1988,Darwin,2.358851
1988-89,1988,1989,Darwin,2.959713
1989-90,1989,1990,Darwin,2.933088
1990-91,1990,1991,Darwin,3.198572
1991-92,1991,1992,Darwin,3.170872
1992-93,1992,1993,Darwin,3.011414
1993-94,1993,1994,Darwin,3.069813
1994-95,1994,1995,Darwin,3.306347
1995-96,1995,1996,Darwin,3.650006
1996-97,1996,1997,Darwin,3.604018
1997-98,1997,1998,Darwin,3.564347
1998-99,1998,1999,Darwin,3.486806
1999-00,1999,2000,Darwin,3.468904
2000-01,2000,2001,Darwin,3.602248
2001-02,2001,2002,Darwin,3.67063
2002-03,2002,2003,Darwin,3.857294
2003-04,2003,2004,Darwin,3.929697
2004-05,2004,2005,Darwin,3.983501
2005-06,2005,2006,Darwin,4.107808
2006-07,2006,2007,Darwin,4.179881
2007-08,2007,2008,Darwin,4.312269
2008-09,2008,2009,Darwin,4.473423
2009-10,2009,2010,Darwin,4.75044
2010-11,2010,2011,Darwin,4.897044
2011-12,2011,2012,Darwin,4.994984
2012-13,2012,2013,Darwin,5.19895
2013-14,2013,2014,Darwin,5.3
2014-15,2014,2015,Darwin,5.3954
2015-16,2015,2016,Darwin,5.503308
2016-17,2016,2017,Darwin,5.613374
2017-18,2017,2018,Darwin,5.697575
2018-19,2018,2019,Darwin,5.589321
2019-20,2019,2020,Darwin,5.127
2020-21,2020,2021,Darwin,4.391
2021-22,2021,2022,Darwin,4.3975
2022-23,2022,2023,Darwin,4.537995
2023-24,2023,2024,Darwin,4.586
2024-25,2024,2025,Darwin,4.646
1976-77,1976,1977,Canberra,14.358535
1977-78,1977,1978,Canberra,14.64927
1978-79,1978,1979,Canberra,16.35758
1979-80,1979,1980,Canberra,18.705588
1980-81,1980,1981,Canberra,17.956487
1981-82,1981,1982,Canberra,17.218463
1982-83,1982,1983,Canberra,20.372946
1983-84,1983,1984,Canberra,22.874794
1984-85,1984,1985,Canberra,24.006552
1985-86,1985,1986,Canberra,23.088509
1986-87,1986,1987,Canberra,24.1263
1987-88,1987,1988,Canberra,24.775755
1988-89,1988,1989,Canberra,24.577712
1989-90,1989,1990,Canberra,25.093537
1990-91,1990,1991,Canberra,24.979824
1991-92,1991,1992,Canberra,24.384795
1992-93,1992,1993,Canberra,23.730355
1993-94,1993,1994,Canberra,23.101305
1994-95,1994,1995,Canberra,23.964
1995-96,1995,1996,Canberra,24.001
1996-97,1996,1997,Canberra,24.0903
1997-98,1997,1998,Canberra,23.183453
1998-99,1998,1999,Canberra,21.634483
1999-00,1999,2000,Canberra,21.285106
2000-01,2000,2001,Canberra,20.57241
2001-02,2001,2002,Canberra,20.510035
2002-03,2002,2003,Canberra,20.972404
2003-04,2003,2004,Canberra,20.685235
2004-05,2004,2005,Canberra,20.351727
2005-06,2005,2006,Canberra,21.070132
2006-07,2006,2007,Canberra,20.764098
2007-08,2007,2008,Canberra,20.78034
2008-09,2008,2009,Canberra,20.756875
2009-10,2009,2010,Canberra,19.37936
2010-11,2010,2011,Canberra,18.816864
2011-12,2011,2012,Canberra,18.7516
2012-13,2012,2013,Canberra,18.7671
2013-14,2013,2014,Canberra,18.3696
2014-15,2014,2015,Canberra,18.16817
2015-16,2015,2016,Canberra,18.338492
2016-17,2016,2017,Canberra,18.771696
2017-18,2017,2018,Canberra,19.40325
2018-19,2018,2019,Canberra,20.658875
2019-20,2019,2020,Canberra,18.582337
2020-21,2020,2021,Canberra,15.518713
2021-22,2021,2022,Canberra,12.29385
2022-23,2022,2023,Canberra,18.221392
2023-24,2023,2024,Canberra,20.444142
2024-25,2024,2025,Canberra,20.582
