Financial_Year,Year_Start,City,Total_Trips_Million,Patronage_Rank
1976-77,1976,Sydney,481.320064,1
1976-77,1976,Melbourne,304.988866,2
1976-77,1976,Brisbane,92.170735,3
1976-77,1976,Adelaide,70.690489,4
1976-77,1976,Perth,62.204713,5
1976-77,1976,Hobart,22.29806,6
1976-77,1976,Canberra,14.358535,7
1976-77,1976,Darwin,0.66,8
1977-78,1977,Sydney,483.688372,1
1977-78,1977,Melbourne,295.462822,2
1977-78,1977,Brisbane,91.441162,3
1977-78,1977,Adelaide,69.491603,4
1977-78,1977,Perth,63.748278,5
1977-78,1977,Hobart,18.423774,6
1977-78,1977,Canberra,14.64927,7
1977-78,1977,Darwin,0.73,8
1978-79,1978,Sydney,478.189601,1
1978-79,1978,Melbourne,289.539987,2
1978-79,1978,Brisbane,88.592501,3
1978-79,1978,Adelaide,70.368233,4
1978-79,1978,Perth,62.145618,5
1978-79,1978,Canberra,16.35758,6
1978-79,1978,Hobart,15.20717,7
1978-79,1978,Darwin,0.8,8
1979-80,1979,Sydney,492.653085,1
1979-80,1979,Melbourne,280.689397,2
1979-80,1979,Brisbane,89.250925,3
1979-80,1979,Adelaide,73.643807,4
1979-80,1979,Perth,63.779208,5
1979-80,1979,Canberra,18.705588,6
1979-80,1979,Hobart,13.928369,7
1979-80,1979,Darwin,1.211377,8
1980-81,1980,Sydney,500.745689,1
1980-81,1980,Melbourne,277.829151,2
1980-81,1980,Brisbane,86.312469,3
1980-81,1980,Adelaide,79.238534,4
1980-81,1980,Perth,63.727674,5
1980-81,1980,Canberra,17.956487,6
1980-81,1980,Hobart,13.357663,7
1980-81,1980,Darwin,1.613941,8
1981-82,1981,Sydney,504.422713,1
1981-82,1981,Melbourne,272.507942,2
1981-82,1981,Brisbane,89.872731,3
1981-82,1981,Adelaide,80.895592,4
1981-82,1981,Perth,60.396619,5
1981-82,1981,Canberra,17.218463,6
1981-82,1981,Hobart,10.953538,7
1981-82,1981,Darwin,1.837715,8
1982-83,1982,Sydney,493.432808,1
1982-83,1982,Melbourne,273.645127,2
1982-83,1982,Brisbane,91.140662,3
1982-83,1982,Adelaide,70.957942,4
1982-83,1982,Perth,61.346178,5
1982-83,1982,Canberra,20.372946,6
1982-83,1982,Hobart,10.50676,7
1982-83,1982,Darwin,2.122009,8
1983-84,1983,Sydney,487.572022,1
1983-84,1983,Melbourne,278.728396,2
1983-84,1983,Brisbane,90.422647,3
1983-84,1983,Adelaide,70.680114,4
1983-84,1983,Perth,55.833856,5
1983-84,1983,Canberra,22.874794,6
1983-84,1983,Hobart,11.289626,7
1983-84,1983,Darwin,2.114411,8
1984-85,1984,Sydney,491.358645,1
1984-85,1984,Melbourne,293.868824,2
1984-85,1984,Brisbane,91.48686,3
1984-85,1984,Adelaide,67.395536,4
1984-85,1984,Perth,54.072856,5
1984-85,1984,Canberra,24.006552,6
1984-85,1984,Hobart,11.305108,7
1984-85,1984,Darwin,2.134036,8
1985-86,1985,Sydney,510.111577,1
1985-86,1985,Melbourne,303.854793,2
1985-86,1985,Brisbane,93.392695,3
1985-86,1985,Adelaide,68.894362,4
1985-86,1985,Perth,58.269021,5
1985-86,1985,Canberra,23.088509,6
1985-86,1985,Hobart,11.304689,7
1985-86,1985,Darwin,2.185915,8
1986-87,1986,Sydney,524.441866,1
1986-87,1986,Melbourne,308.943161,2
1986-87,1986,Brisbane,96.892049,3
1986-87,1986,Adelaide,67.499138,4
1986-87,1986,Perth,59.629883,5
1986-87,1986,Canberra,24.1263,6
1986-87,1986,Hobart,11.165179,7
1986-87,1986,Darwin,1.890621,8
1987-88,1987,Sydney,550.243267,1
1987-88,1987,Melbourne,307.456571,2
1987-88,1987,Brisbane,101.191053,3
1987-88,1987,Adelaide,65.591093,4
1987-88,1987,Perth,58.882164,5
1987-88,1987,Canberra,24.775755,6
1987-88,1987,Hobart,10.455103,7
1987-88,1987,Darwin,2.358851,8
1988-89,1988,Sydney,553.669986,1
1988-89,1988,Melbourne,317.464285,2
1988-89,1988,Brisbane,110.045694,3
1988-89,1988,Adelaide,62.544862,4
1988-89,1988,Perth,61.37697,5
1988-89,1988,Canberra,24.577712,6
1988-89,1988,Hobart,9.645243,7
1988-89,1988,Darwin,2.959713,8
1989-90,1989,Sydney,551.870538,1
1989-90,1989,Melbourne,293.074504,2
1989-90,1989,Brisbane,100.403331,3
1989-90,1989,Perth,63.886748,4
1989-90,1989,Adelaide,63.29534,5
1989-90,1989,Canberra,25.093537,6
1989-90,1989,Hobart,10.0315,7
1989-90,1989,Darwin,2.933088,8
1990-91,1990,Sydney,557.050016,1
1990-91,1990,Melbourne,303.680334,2
1990-91,1990,Brisbane,100.955776,3
1990-91,1990,Adelaide,65.457478,4
1990-91,1990,Perth,61.485893,5
1990-91,1990,Canberra,24.979824,6
1990-91,1990,Hobart,9.57908,7
1990-91,1990,Darwin,3.198572,8
1991-92,1991,Sydney,544.834193,1
1991-92,1991,Melbourne,310.234812,2
1991-92,1991,Brisbane,101.810329,3
1991-92,1991,Adelaide,63.682002,4
1991-92,1991,Perth,61.465603,5
1991-92,1991,Canberra,24.384795,6
1991-92,1991,Hobart,9.625008,7
1991-92,1991,Darwin,3.170872,8
1992-93,1992,Sydney,527.93024,1
1992-93,1992,Melbourne,294.96549,2
1992-93,1992,Brisbane,99.134268,3
1992-93,1992,Perth,63.23539,4
1992-93,1992,Adelaide,60.626044,5
1992-93,1992,Canberra,23.730355,6
1992-93,1992,Hobart,9.537012,7
1992-93,1992,Darwin,3.011414,8
1993-94,1993,Sydney,530.528039,1
1993-94,1993,Melbourne,291.104652,2
1993-94,1993,Brisbane,98.640281,3
1993-94,1993,Perth,69.400184,4
1993-94,1993,Adelaide,61.239086,5
1993-94,1993,Canberra,23.101305,6
1993-94,1993,Hobart,9.329737,7
1993-94,1993,Darwin,3.069813,8
1994-95,1994,Sydney,547.937454,1
1994-95,1994,Melbourne,302.036499,2
1994-95,1994,Brisbane,103.459492,3
1994-95,1994,Perth,71.929999,4
1994-95,1994,Adelaide,62.5,5
1994-95,1994,Canberra,23.964,6
1994-95,1994,Hobart,9.29334,7
1994-95,1994,Darwin,3.306347,8
1995-96,1995,Sydney,562.944459,1
1995-96,1995,Melbourne,312.842717,2
1995-96,1995,Brisbane,101.843486,3
1995-96,1995,Perth,72.048188,4
1995-96,1995,Adelaide,60.9,5
1995-96,1995,Canberra,24.001,6
1995-96,1995,Hobart,9.116542,7
1995-96,1995,Darwin,3.650006,8
1996-97,1996,Sydney,577.64725,1
1996-97,1996,Melbourne,314.867669,2
1996-97,1996,Brisbane,103.524347,3
1996-97,1996,Perth,76.467,4
1996-97,1996,Adelaide,60.1,5
1996-97,1996,Canberra,24.0903,6
1996-97,1996,Hobart,8.401942,7
1996-97,1996,Darwin,3.604018,8
1997-98,1997,Sydney,584.377593,1
1997-98,1997,Melbourne,315.858896,2
1997-98,1997,Brisbane,101.85272,3
1997-98,1997,Perth,76.5408,4
1997-98,1997,Adelaide,59.3,5
1997-98,1997,Canberra,23.183453,6
1997-98,1997,Hobart,7.853552,7
1997-98,1997,Darwin,3.564347,8
1998-99,1998,Sydney,591.14513,1
1998-99,1998,Melbourne,325.152033,2
1998-99,1998,Brisbane,93.403848,3
1998-99,1998,Perth,75.719841,4
1998-99,1998,Adelaide,56.2,5
1998-99,1998,Canberra,21.634483,6
1998-99,1998,Hobart,7.615352,7
1998-99,1998,Darwin,3.486806,8
1999-00,1999,Sydney,596.40495,1
1999-00,1999,Melbourne,339.787157,2
1999-00,1999,Brisbane,98.184291,3
1999-00,1999,Perth,78.648333,4
1999-00,1999,Adelaide,55.2,5
1999-00,1999,Canberra,21.285106,6
1999-00,1999,Hobart,7.499957,7
1999-00,1999,Darwin,3.468904,8
2000-01,2000,Sydney,616.830187,1
2000-01,2000,Melbourne,348.055019,2
2000-01,2000,Brisbane,99.57223,3
2000-01,2000,Perth,83.76,4
2000-01,2000,Adelaide,57.0,5
2000-01,2000,Canberra,20.57241,6
2000-01,2000,Hobart,7.617469,7
2000-01,2000,Darwin,3.602248,8
2001-02,2001,Sydney,577.371096,1
2001-02,2001,Melbourne,355.185741,2
2001-02,2001,Brisbane,102.122166,3
2001-02,2001,Perth,86.001711,4
2001-02,2001,Adelaide,58.7,5
2001-02,2001,Canberra,20.510035,6
2001-02,2001,Hobart,7.642877,7
2001-02,2001,Darwin,3.67063,8
2002-03,2002,Sydney,574.778144,1
2002-03,2002,Melbourne,362.139001,2
2002-03,2002,Brisbane,104.819457,3
2002-03,2002,Perth,88.177237,4
2002-03,2002,Adelaide,60.114185,5
2002-03,2002,Canberra,20.972404,6
2002-03,2002,Hobart,7.628056,7
2002-03,2002,Darwin,3.857294,8
2003-04,2003,Sydney,572.023719,1
2003-04,2003,Melbourne,364.65004,2
2003-04,2003,Brisbane,110.155825,3
2003-04,2003,Perth,90.565,4
2003-04,2003,Adelaide,59.95079,5
2003-04,2003,Canberra,20.685235,6
2003-04,2003,Hobart,7.697928,7
2003-04,2003,Darwin,3.929697,8
2004-05,2004,Sydney,569.489228,1
2004-05,2004,Melbourne,370.430822,2
2004-05,2004,Brisbane,117.416182,3
2004-05,2004,Perth,95.06,4
2004-05,2004,Adelaide,60.894574,5
2004-05,2004,Canberra,20.351727,6
2004-05,2004,Hobart,7.609,7
2004-05,2004,Darwin,3.983501,8
2005-06,2005,Sydney,572.010002,1
2005-06,2005,Melbourne,395.057057,2
2005-06,2005,Brisbane,128.433177,3
2005-06,2005,Perth,98.502,4
2005-06,2005,Adelaide,63.564058,5
2005-06,2005,Canberra,21.070132,6
2005-06,2005,Hobart,7.674,7
2005-06,2005,Darwin,4.107808,8
2006-07,2006,Sydney,584.781669,1
2006-07,2006,Melbourne,421.514638,2
2006-07,2006,Brisbane,135.162097,3
2006-07,2006,Perth,100.926,4
2006-07,2006,Adelaide,64.784358,5
2006-07,2006,Canberra,20.764098,6
2006-07,2006,Hobart,7.7175,7
2006-07,2006,Darwin,4.179881,8
2007-08,2007,Sydney,606.454042,1
2007-08,2007,Melbourne,454.958655,2
2007-08,2007,Brisbane,141.601641,3
2007-08,2007,Perth,108.798,4
2007-08,2007,Adelaide,66.417417,5
2007-08,2007,Canberra,20.78034,6
2007-08,2007,Hobart,7.51235,7
2007-08,2007,Darwin,4.312269,8
2008-09,2008,Sydney,610.425916,1
2008-09,2008,Melbourne,495.464403,2
2008-09,2008,Brisbane,152.027179,3
2008-09,2008,Perth,128.784,4
2008-09,2008,Adelaide,68.098935,5
2008-09,2008,Canberra,20.756875,6
2008-09,2008,Hobart,7.802655,7
2008-09,2008,Darwin,4.473423,8
2009-10,2009,Sydney,600.73876,1
2009-10,2009,Melbourne,503.107234,2
2009-10,2009,Brisbane,154.667563,3
2009-10,2009,Perth,131.629,4
2009-10,2009,Adelaide,69.228004,5
2009-10,2009,Canberra,19.37936,6
2009-10,2009,Hobart,7.892021,7
2009-10,2009,Darwin,4.75044,8
2010-11,2010,Sydney,615.952,1
2010-11,2010,Melbourne,525.046748,2
2010-11,2010,Brisbane,153.365689,3
2010-11,2010,Perth,135.975424,4
2010-11,2010,Adelaide,67.323024,5
2010-11,2010,Canberra,18.816864,6
2010-11,2010,Hobart,8.226622,7
2010-11,2010,Darwin,4.897044,8
2011-12,2011,Sydney,630.433874,1
2011-12,2011,Melbourne,544.471997,2
2011-12,2011,Brisbane,157.340016,3
2011-12,2011,Perth,144.13,4
2011-12,2011,Adelaide,66.283024,5
2011-12,2011,Canberra,18.7516,6
2011-12,2011,Hobart,8.128554,7
2011-12,2011,Darwin,4.994984,8
2012-13,2012,Sydney,634.148137,1
2012-13,2012,Melbourne,531.454037,2
2012-13,2012,Brisbane,154.083382,3
2012-13,2012,Perth,149.697,4
2012-13,2012,Adelaide,67.510255,5
2012-13,2012,Canberra,18.7671,6
2012-13,2012,Hobart,7.884422,7
2012-13,2012,Darwin,5.19895,8
2013-14,2013,Sydney,643.679918,1
2013-14,2013,Melbourne,535.856481,2
2013-14,2013,Brisbane,152.77,3
2013-14,2013,Perth,147.641,4
2013-14,2013,Adelaide,70.86224,5
2013-14,2013,Canberra,18.3696,6
2013-14,2013,Hobart,8.041797,7
2013-14,2013,Darwin,5.3,8
2014-15,2014,Sydney,656.992179,1
2014-15,2014,Melbourne,542.097924,2
2014-15,2014,Brisbane,152.571516,3
2014-15,2014,Perth,148.762,4
2014-15,2014,Adelaide,74.724544,5
2014-15,2014,Canberra,18.16817,6
2014-15,2014,Hobart,8.042269,7
2014-15,2014,Darwin,5.3954,8
2015-16,2015,Sydney,680.583691,1
2015-16,2015,Melbourne,570.997134,2
2015-16,2015,Brisbane,154.621681,3
2015-16,2015,Perth,145.632675,4
2015-16,2015,Adelaide,74.854976,5
2015-16,2015,Canberra,18.338492,6
2015-16,2015,Hobart,7.715837,7
2015-16,2015,Darwin,5.503308,8
2016-17,2016,Sydney,707.551649,1
2016-17,2016,Melbourne,571.195,2
2016-17,2016,Brisbane,152.382917,3
2016-17,2016,Perth,140.856706,4
2016-17,2016,Adelaide,74.7626,5
2016-17,2016,Canberra,18.771696,6
2016-17,2016,Hobart,7.740638,7
2016-17,2016,Darwin,5.613374,8
2017-18,2017,Sydney,742.612741,1
2017-18,2017,Melbourne,578.9083,2
2017-18,2017,Brisbane,155.797919,3
2017-18,2017,Perth,139.847,4
2017-18,2017,Adelaide,75.03,5
2017-18,2017,Canberra,19.40325,6
2017-18,2017,Hobart,7.95782,7
2017-18,2017,Darwin,5.697575,8
2018-19,2018,Sydney,780.550144,1
2018-19,2018,Melbourne,585.900889,2
2018-19,2018,Brisbane,161.380497,3
2018-19,2018,Perth,141.455,4
2018-19,2018,Adelaide,76.159,5
2018-19,2018,Canberra,20.658875,6
2018-19,2018,Hobart,8.132113,7
2018-19,2018,Darwin,5.589321,8
2019-20,2019,Sydney,641.01132,1
2019-20,2019,Melbourne,439.586124,2
2019-20,2019,Brisbane,128.992317,3
2019-20,2019,Perth,116.552397,4
2019-20,2019,Adelaide,63.529,5
2019-20,2019,Canberra,18.582337,6
2019-20,2019,Hobart,6.907907,7
2019-20,2019,Darwin,5.127,8
2020-21,2020,Sydney,452.883833,1
2020-21,2020,Melbourne,205.891356,2
2020-21,2020,Perth,102.256806,3
2020-21,2020,Brisbane,99.124198,4
2020-21,2020,Adelaide,52.053,5
2020-21,2020,Canberra,15.518713,6
2020-21,2020,Hobart,6.58781,7
2020-21,2020,Darwin,4.391,8
2021-22,2021,Sydney,338.459474,1
2021-22,2021,Melbourne,256.090073,2
2021-22,2021,Perth,102.20299,3
2021-22,2021,Brisbane,94.106465,4
2021-22,2021,Adelaide,47.529317,5
2021-22,2021,Canberra,12.29385,6
2021-22,2021,Hobart,6.68951,7
2021-22,2021,Darwin,4.3975,8
2022-23,2022,Sydney,588.228806,1
2022-23,2022,Melbourne,417.923868,2
2022-23,2022,Brisbane,126.578091,3
2022-23,2022,Perth,123.30769,4
2022-23,2022,Adelaide,60.073945,5
2022-23,2022,Canberra,18.221392,6
2022-23,2022,Hobart,6.78271,7
2022-23,2022,Darwin,4.537995,8
2023-24,2023,Sydney,690.08639,1
2023-24,2023,Melbourne,468.480949,2
2023-24,2023,Perth,144.228346,3
2023-24,2023,Brisbane,141.15316,4
2023-24,2023,Adelaide,67.654498,5
2023-24,2023,Canberra,20.444142,6
2023-24,2023,Hobart,6.560814,7
2023-24,2023,Darwin,4.586,8
2024-25,2024,Sydney,708.551942,1
2024-25,2024,Melbourne,480.20383,2
2024-25,2024,Brisbane,161.642128,3
2024-25,2024,Perth,148.717496,4
2024-25,2024,Adelaide,69.58898,5
2024-25,2024,Canberra,20.582,6
2024-25,2024,Hobart,6.716977,7
2024-25,2024,Darwin,4.646,8
